{
  "name": "Bangladesh",
  "altSpellings": [
    "BD",
    "People's Republic of Bangladesh",
    "Gônôprôjatôntri Bangladesh"
  ],
  "ISO": {
    "alpha2": "BD",
    "alpha3": "BGD"
  },
  "states": [
    {
      "name": "বরগুনা",
      "english": "Barguna",
      "region": "Barisal",
      "country": "BD"
    },
    {
      "name": "বরিশাল",
      "english": "Barisal",
      "region": "Barisal",
      "country": "BD"
    },
    {
      "name": "ভোলা",
      "english": "Bhola",
      "region": "Barisal",
      "country": "BD"
    },
    {
      "name": "ঝালকাঠি",
      "english": "Jhalokati",
      "region": "Barisal",
      "country": "BD"
    },
    {
      "name": "পটুয়াখালী",
      "english": "Patuakhali",
      "region": "Barisal",
      "country": "BD"
    },
    {
      "name": "পিরোজপুর",
      "english": "Pirojpur",
      "region": "Barisal",
      "country": "BD"
    },
    {
      "name": "বান্দরবান",
      "english": "Bandarban",
      "region": "Chittagong",
      "country": "BD"
    },
    {
      "name": "ব্রাহ্মণবাড়ীয়া",
      "english": "Brahmanbaria",
      "region": "Chittagong",
      "country": "BD"
    },
    {
      "name": "চাঁদপুর",
      "english": "Chandpur",
      "region": "Chittagong",
      "country": "BD"
    },
    {
      "name": "চট্টগ্রাম",
      "english": "Chittagong",
      "region": "Chittagong",
      "country": "BD"
    },
    {
      "name": "কুমিল্লা",
      "english": "Comilla",
      "region": "Chittagong",
      "country": "BD"
    },
    {
      "name": "কক্সবাজার",
      "english": "Cox's Bazar",
      "region": "Chittagong",
      "country": "BD"
    },
    {
      "name": "ফেনী",
      "english": "Feni",
      "region": "Chittagong",
      "country": "BD"
    },
    {
      "name": "খাগড়াছড়ি",
      "english": "Khagrachhari",
      "region": "Chittagong",
      "country": "BD"
    },
    {
      "name": "লক্ষীপুর",
      "english": "Lakshmipur",
      "region": "Chittagong",
      "country": "BD"
    },
    {
      "name": "নোয়াখালী",
      "english": "Noakhali",
      "region": "Chittagong",
      "country": "BD"
    },
    {
      "name": "রাঙ্গামাটি",
      "english": "Rangamati",
      "region": "Chittagong",
      "country": "BD"
    },
    {
      "name": "ঢাকা",
      "english": "Dhaka",
      "region": "Dhaka",
      "country": "BD"
    },
    {
      "name": "ফরিদপুর",
      "english": "Faridpur",
      "region": "Dhaka",
      "country": "BD"
    },
    {
      "name": "গাজীপুর",
      "english": "Gazipur",
      "region": "Dhaka",
      "country": "BD"
    },
    {
      "name": "গোপালগঞ্জ",
      "english": "Gopalganj",
      "region": "Dhaka",
      "country": "BD"
    },
    {
      "name": "জামালপুর",
      "english": "Jamalpur",
      "region": "Dhaka",
      "country": "BD"
    },
    {
      "name": "কিশোরগঞ্জ",
      "english": "Kishoreganj",
      "region": "Dhaka",
      "country": "BD"
    },
    {
      "name": "মাদারীপুর",
      "english": "Madaripur",
      "region": "Dhaka",
      "country": "BD"
    },
    {
      "name": "মানিকগঞ্জ",
      "english": "Manikganj",
      "region": "Dhaka",
      "country": "BD"
    },
    {
      "name": "মুন্সীগঞ্জ",
      "english": "Munshiganj",
      "region": "Dhaka",
      "country": "BD"
    },
    {
      "name": "ময়মনসিংহ",
      "english": "Mymensingh",
      "region": "Dhaka",
      "country": "BD"
    },
    {
      "name": "নারায়ণগঞ্জ",
      "english": "Narayanganj",
      "region": "Dhaka",
      "country": "BD"
    },
    {
      "name": "নরসিংদী",
      "english": "Narsingdi",
      "region": "Dhaka",
      "country": "BD"
    },
    {
      "name": "নেত্রকোনা",
      "english": "Netrakona",
      "region": "Dhaka",
      "country": "BD"
    },
    {
      "name": "রাজবাড়ী",
      "english": "Rajbari",
      "region": "Dhaka",
      "country": "BD"
    },
    {
      "name": "শরীয়তপুর",
      "english": "Shariatpur",
      "region": "Dhaka",
      "country": "BD"
    },
    {
      "name": "শেরপুর",
      "english": "Sherpur",
      "region": "Dhaka",
      "country": "BD"
    },
    {
      "name": "টাঙ্গাইল",
      "english": "Tangail",
      "region": "Dhaka",
      "country": "BD"
    },
    {
      "name": "বাগেরহাট",
      "english": "Bagerhat",
      "region": "Khulna",
      "country": "BD"
    },
    {
      "name": "চুয়াডাঙ্গা",
      "english": "Chuadanga",
      "region": "Khulna",
      "country": "BD"
    },
    {
      "name": "যশোর",
      "english": "Jessore",
      "region": "Khulna",
      "country": "BD"
    },
    {
      "name": "ঝিনাইদহ",
      "english": "Jhenaidah",
      "region": "Khulna",
      "country": "BD"
    },
    {
      "name": "খুলনা",
      "english": "Khulna",
      "region": "Khulna",
      "country": "BD"
    },
    {
      "name": "কুষ্টিয়া",
      "english": "Kushtia",
      "region": "Khulna",
      "country": "BD"
    },
    {
      "name": "মাগুরা",
      "english": "Magura",
      "region": "Khulna",
      "country": "BD"
    },
    {
      "name": "মেহেরপুর",
      "english": "Meherpur",
      "region": "Khulna",
      "country": "BD"
    },
    {
      "name": "নড়াইল",
      "english": "Narail",
      "region": "Khulna",
      "country": "BD"
    },
    {
      "name": "সাতক্ষিরা",
      "english": "Satkhira",
      "region": "Khulna",
      "country": "BD"
    },
    {
      "name": "বগুড়া",
      "english": "Bogra",
      "region": "Rajshahi",
      "country": "BD"
    },
    {
      "name": "জয়পুরহাট",
      "english": "Joypurhat",
      "region": "Rajshahi",
      "country": "BD"
    },
    {
      "name": "নওগাঁ",
      "english": "Naogaon",
      "region": "Rajshahi",
      "country": "BD"
    },
    {
      "name": "নাটোর",
      "english": "Natore",
      "region": "Rajshahi",
      "country": "BD"
    },
    {
      "name": "নওয়াবগঞ্জ",
      "english": "Chapainawabganj",
      "region": "Rajshahi",
      "country": "BD"
    },
    {
      "name": "পাবনা",
      "english": "Pabna",
      "region": "Rajshahi",
      "country": "BD"
    },
    {
      "name": "রাজশাহী",
      "english": "Rajshahi",
      "region": "Rajshahi",
      "country": "BD"
    },
    {
      "name": "সিরাজগঞ্জ",
      "english": "Sirajganj",
      "region": "Rajshahi",
      "country": "BD"
    },
    {
      "name": "দিনাজপুর",
      "english": "Dinajpur",
      "region": "Rangpur",
      "country": "BD"
    },
    {
      "name": "গাইবান্ধা",
      "english": "Gaibandha",
      "region": "Rangpur",
      "country": "BD"
    },
    {
      "name": "কুড়িগ্রাম",
      "english": "Kurigram",
      "region": "Rangpur",
      "country": "BD"
    },
    {
      "name": "লালমনিরহাট",
      "english": "Lalmonirhat",
      "region": "Rangpur",
      "country": "BD"
    },
    {
      "name": "নীলফামারী",
      "english": "Nilphamari",
      "region": "Rangpur",
      "country": "BD"
    },
    {
      "name": "পঞ্চগড়",
      "english": "Panchagarh",
      "region": "Rangpur",
      "country": "BD"
    },
    {
      "name": "রংপুর",
      "english": "Rangpur",
      "region": "Rangpur",
      "country": "BD"
    },
    {
      "name": "ঠাকুরগাঁ",
      "english": "Thakurgaon",
      "region": "Rangpur",
      "country": "BD"
    },
    {
      "name": "হবিগঞ্জ",
      "english": "Habiganj",
      "region": "Sylhet",
      "country": "BD"
    },
    {
      "name": "মৌলভীবাজার",
      "english": "Moulvibazar",
      "region": "Sylhet",
      "country": "BD"
    },
    {
      "name": "সুনামগঞ্জ",
      "english": "Sunamganj",
      "region": "Sylhet",
      "country": "BD"
    },
    {
      "name": "সিলেট",
      "english": "Sylhet",
      "region": "Sylhet",
      "country": "BD"
    }
  ]
}
