{
  "name": "Chile",
  "altSpellings": [
    "CL",
    "Republic of Chile",
    "República de Chile"
  ],
  "ISO": {
    "alpha2": "CL",
    "alpha3": "CHL"
  },
  "states": [
    {
      "name": "Arica",
      "region": "XV Arica and Parinacota",
      "country": "CL"
    },
    {
      "name": "Parinacota",
      "region": "XV Arica and Parinacota",
      "country": "CL"
    },
    {
      "name": "Iquique",
      "region": "I Tarapacá",
      "country": "CL"
    },
    {
      "name": "Tamarugal",
      "region": "I Tarapacá",
      "country": "CL"
    },
    {
      "name": "Antofagasta",
      "region": "II Antofagasta",
      "country": "CL"
    },
    {
      "name": "El Loa",
      "region": "II Antofagasta",
      "country": "CL"
    },
    {
      "name": "Tocopilla",
      "region": "II Antofagasta",
      "country": "CL"
    },
    {
      "name": "Copiapó",
      "region": "III Atacama",
      "country": "CL"
    },
    {
      "name": "Huasco",
      "region": "III Atacama",
      "country": "CL"
    },
    {
      "name": "Chañaral",
      "region": "III Atacama",
      "country": "CL"
    },
    {
      "name": "Elqui",
      "region": "IV Coquimbo",
      "country": "CL"
    },
    {
      "name": "Limarí",
      "region": "IV Coquimbo",
      "country": "CL"
    },
    {
      "name": "Choapa",
      "region": "IV Coquimbo",
      "country": "CL"
    },
    {
      "name": "Isla de Pascua",
      "region": "V Valparaíso",
      "country": "CL"
    },
    {
      "name": "Los Andes",
      "region": "V Valparaíso",
      "country": "CL"
    },
    {
      "name": "Marga Marga",
      "region": "V Valparaíso",
      "country": "CL"
    },
    {
      "name": "Petorca",
      "region": "V Valparaíso",
      "country": "CL"
    },
    {
      "name": "Quillota",
      "region": "V Valparaíso",
      "country": "CL"
    },
    {
      "name": "San Antonio",
      "region": "V Valparaíso",
      "country": "CL"
    },
    {
      "name": "San Felipe de Aconcagua",
      "region": "V Valparaíso",
      "country": "CL"
    },
    {
      "name": "Valparaíso",
      "region": "V Valparaíso",
      "country": "CL"
    },
    {
      "name": "Cachapoal",
      "region": "VI O'Higgins",
      "country": "CL"
    },
    {
      "name": "Colchagua",
      "region": "VI O'Higgins",
      "country": "CL"
    },
    {
      "name": "Cardenal Caro",
      "region": "VI O'Higgins",
      "country": "CL"
    },
    {
      "name": "Talca",
      "region": "VII Maule",
      "country": "CL"
    },
    {
      "name": "Linares",
      "region": "VII Maule",
      "country": "CL"
    },
    {
      "name": "Curicó",
      "region": "VII Maule",
      "country": "CL"
    },
    {
      "name": "Cauquenes",
      "region": "VII Maule",
      "country": "CL"
    },
    {
      "name": "Concepción",
      "region": "VIII Biobío",
      "country": "CL"
    },
    {
      "name": "Ñuble",
      "region": "VIII Biobío",
      "country": "CL"
    },
    {
      "name": "Biobío",
      "region": "VIII Biobío",
      "country": "CL"
    },
    {
      "name": "Arauco",
      "region": "VIII Biobío",
      "country": "CL"
    },
    {
      "name": "Cautin",
      "region": "IX Araucanía",
      "country": "CL"
    },
    {
      "name": "Malleco",
      "region": "IX Araucanía",
      "country": "CL"
    },
    {
      "name": "Valdivia",
      "region": "XIV Los Ríos",
      "country": "CL"
    },
    {
      "name": "Ranco",
      "region": "XIV Los Ríos",
      "country": "CL"
    },
    {
      "name": "Llanquihue",
      "region": "X Los Lagos",
      "country": "CL"
    },
    {
      "name": "Osorno",
      "region": "X Los Lagos",
      "country": "CL"
    },
    {
      "name": "Chiloe",
      "region": "X Los Lagos",
      "country": "CL"
    },
    {
      "name": "Palena",
      "region": "X Los Lagos",
      "country": "CL"
    },
    {
      "name": "Coihaique",
      "region": "XI Aisén",
      "country": "CL"
    },
    {
      "name": "Aisén",
      "region": "XI Aisén",
      "country": "CL"
    },
    {
      "name": "General Carrera",
      "region": "XI Aisén",
      "country": "CL"
    },
    {
      "name": "Capitan Prat",
      "region": "XI Aisén",
      "country": "CL"
    },
    {
      "name": "Magallanes",
      "region": "XII Magallanes",
      "country": "CL"
    },
    {
      "name": "Ultima Esperanza",
      "region": "XII Magallanes",
      "country": "CL"
    },
    {
      "name": "Tierra del Fuego",
      "region": "XII Magallanes",
      "country": "CL"
    },
    {
      "name": "Antártica Chilena",
      "region": "XII Magallanes",
      "country": "CL"
    },
    {
      "name": "Santiago",
      "region": "RM Santiago Metropolitan",
      "country": "CL"
    },
    {
      "name": "Cordillera",
      "region": "RM Santiago Metropolitan",
      "country": "CL"
    },
    {
      "name": "Maipo",
      "region": "RM Santiago Metropolitan",
      "country": "CL"
    },
    {
      "name": "Talagante",
      "region": "RM Santiago Metropolitan",
      "country": "CL"
    },
    {
      "name": "Melipilla",
      "region": "RM Santiago Metropolitan",
      "country": "CL"
    },
    {
      "name": "Chacabuco",
      "region": "RM Santiago Metropolitan",
      "country": "CL"
    }
  ]
}
