{
  "name": "Russia",
  "altSpellings": [
    "RU",
    "Rossiya",
    "Russian Federation",
    "Российская Федерация",
    "Rossiyskaya Federatsiya"
  ],
  "ISO": {
    "alpha2": "RU",
    "alpha3": "RUS"
  },
  "states": [
    {
      "name": "Адыгея",
      "country": "RU"
    },
    {
      "name": "Республика Алтай",
      "country": "RU"
    },
    {
      "name": "Башкортостан",
      "country": "RU"
    },
    {
      "name": "Бурятия",
      "country": "RU"
    },
    {
      "name": "Дагестан",
      "country": "RU"
    },
    {
      "name": "Ингушетия",
      "country": "RU"
    },
    {
      "name": "Кабардино-Балкария",
      "country": "RU"
    },
    {
      "name": "Калмыкия",
      "country": "RU"
    },
    {
      "name": "Карачаево-Черкесия",
      "country": "RU"
    },
    {
      "name": "Республика Карелия",
      "country": "RU"
    },
    {
      "name": "Республика Коми",
      "country": "RU"
    },
    {
      "name": "Республика Крым",
      "country": "RU"
    },
    {
      "name": "Марий Эл",
      "country": "RU"
    },
    {
      "name": "Мордовия",
      "country": "RU"
    },
    {
      "name": "Якутия",
      "country": "RU"
    },
    {
      "name": "Северная Осетия",
      "country": "RU"
    },
    {
      "name": "Татарстан",
      "country": "RU"
    },
    {
      "name": "Тыва",
      "country": "RU"
    },
    {
      "name": "Удмуртия",
      "country": "RU"
    },
    {
      "name": "Хакасия",
      "country": "RU"
    },
    {
      "name": "Чечня",
      "country": "RU"
    },
    {
      "name": "Чувашия",
      "country": "RU"
    },
    {
      "name": "Алтайский край",
      "country": "RU"
    },
    {
      "name": "Забайкальский край",
      "country": "RU"
    },
    {
      "name": "Камчатский край",
      "country": "RU"
    },
    {
      "name": "Краснодарский край",
      "country": "RU"
    },
    {
      "name": "Красноярский край",
      "country": "RU"
    },
    {
      "name": "Пермский край",
      "country": "RU"
    },
    {
      "name": "Приморский край",
      "country": "RU"
    },
    {
      "name": "Ставропольский край",
      "country": "RU"
    },
    {
      "name": "Хабаровский край",
      "country": "RU"
    },
    {
      "name": "Амурская область",
      "country": "RU"
    },
    {
      "name": "Архангельская область",
      "country": "RU"
    },
    {
      "name": "Астраханская область",
      "country": "RU"
    },
    {
      "name": "Белгородская область",
      "country": "RU"
    },
    {
      "name": "Брянская область",
      "country": "RU"
    },
    {
      "name": "Владимирская область",
      "country": "RU"
    },
    {
      "name": "Волгоградская область",
      "country": "RU"
    },
    {
      "name": "Вологодская область",
      "country": "RU"
    },
    {
      "name": "Воронежская область",
      "country": "RU"
    },
    {
      "name": "Ивановская область",
      "country": "RU"
    },
    {
      "name": "Иркутская область",
      "country": "RU"
    },
    {
      "name": "Калининградская область",
      "country": "RU"
    },
    {
      "name": "Калужская область",
      "country": "RU"
    },
    {
      "name": "Кемеровская область",
      "country": "RU"
    },
    {
      "name": "Кировская область",
      "country": "RU"
    },
    {
      "name": "Костромская область",
      "country": "RU"
    },
    {
      "name": "Курганская область",
      "country": "RU"
    },
    {
      "name": "Курская область",
      "country": "RU"
    },
    {
      "name": "Ленинградская область",
      "country": "RU"
    },
    {
      "name": "Липецкая область",
      "country": "RU"
    },
    {
      "name": "Магаданская область",
      "country": "RU"
    },
    {
      "name": "Московская область",
      "country": "RU"
    },
    {
      "name": "Мурманская область",
      "country": "RU"
    },
    {
      "name": "Нижегородская область",
      "country": "RU"
    },
    {
      "name": "Новгородская область",
      "country": "RU"
    },
    {
      "name": "Новосибирская область",
      "country": "RU"
    },
    {
      "name": "Омская область",
      "country": "RU"
    },
    {
      "name": "Оренбургская область",
      "country": "RU"
    },
    {
      "name": "Орловская область",
      "country": "RU"
    },
    {
      "name": "Пензенская область",
      "country": "RU"
    },
    {
      "name": "Псковская область",
      "country": "RU"
    },
    {
      "name": "Ростовская область",
      "country": "RU"
    },
    {
      "name": "Рязанская область",
      "country": "RU"
    },
    {
      "name": "Самарская область",
      "country": "RU"
    },
    {
      "name": "Саратовская область",
      "country": "RU"
    },
    {
      "name": "Сахалинская область",
      "country": "RU"
    },
    {
      "name": "Свердловская область",
      "country": "RU"
    },
    {
      "name": "Смоленская область",
      "country": "RU"
    },
    {
      "name": "Тамбовская область",
      "country": "RU"
    },
    {
      "name": "Тверская область",
      "country": "RU"
    },
    {
      "name": "Томская область",
      "country": "RU"
    },
    {
      "name": "Тульская область",
      "country": "RU"
    },
    {
      "name": "Тюменская область",
      "country": "RU"
    },
    {
      "name": "Ульяновская область",
      "country": "RU"
    },
    {
      "name": "Челябинская область",
      "country": "RU"
    },
    {
      "name": "Ярославская область",
      "country": "RU"
    },
    {
      "name": "Москва",
      "country": "RU"
    },
    {
      "name": "Санкт-Петербург",
      "country": "RU"
    },
    {
      "name": "Севастополь",
      "country": "RU"
    },
    {
      "name": "Еврейская автономная область",
      "country": "RU"
    },
    {
      "name": "Ненецкий автономный округ",
      "country": "RU"
    },
    {
      "name": "Ханты-Мансийский автономный округ — Югра",
      "country": "RU"
    },
    {
      "name": "Чукотский автономный округ",
      "country": "RU"
    },
    {
      "name": "Ямало-Ненецкий автономный округ",
      "country": "RU"
    }
  ]
}
