{
  "name": "Spain",
  "altSpellings": [
    "ES",
    "España"
  ],
  "ISO": {
    "alpha2": "ES",
    "alpha3": "ESP"
  },
  "states": [
    {
      "name": "La Coruña",
      "abbreviation": "C",
      "country": "ES"
    },
    {
      "name": "Lugo",
      "abbreviation": "LU",
      "country": "ES"
    },
    {
      "name": "Vizcaya",
      "abbreviation": "BI",
      "country": "ES"
    },
    {
      "name": "Guipúzcoa",
      "abbreviation": "SS",
      "country": "ES"
    },
    {
      "name": "Huesca",
      "abbreviation": "HU",
      "country": "ES"
    },
    {
      "name": "Lérida",
      "abbreviation": "L",
      "country": "ES"
    },
    {
      "name": "Gerona",
      "abbreviation": "GI",
      "country": "ES"
    },
    {
      "name": "Barcelona",
      "abbreviation": "B",
      "country": "ES"
    },
    {
      "name": "Tarragona",
      "abbreviation": "T",
      "country": "ES"
    },
    {
      "name": "Castellón",
      "abbreviation": "CS",
      "country": "ES"
    },
    {
      "name": "Valencia",
      "abbreviation": "V",
      "country": "ES"
    },
    {
      "name": "Alicante",
      "abbreviation": "A",
      "country": "ES"
    },
    {
      "name": "Murcia",
      "abbreviation": "MU",
      "country": "ES"
    },
    {
      "name": "Zaragoza",
      "abbreviation": "Z",
      "country": "ES"
    },
    {
      "name": "Teruel",
      "abbreviation": "TE",
      "country": "ES"
    },
    {
      "name": "Cuenca",
      "abbreviation": "CU",
      "country": "ES"
    },
    {
      "name": "Albacete",
      "abbreviation": "AB",
      "country": "ES"
    },
    {
      "name": "Almeria",
      "abbreviation": "AL",
      "country": "ES"
    },
    {
      "name": "Granada",
      "abbreviation": "GR",
      "country": "ES"
    },
    {
      "name": "Málaga",
      "abbreviation": "MA",
      "country": "ES"
    },
    {
      "name": "Tenerife",
      "abbreviation": "TF",
      "country": "ES"
    },
    {
      "name": "Cádiz",
      "abbreviation": "CA",
      "country": "ES"
    },
    {
      "name": "Sevilla",
      "abbreviation": "SE",
      "country": "ES"
    },
    {
      "name": "Huelva",
      "abbreviation": "H",
      "country": "ES"
    },
    {
      "name": "Las Palmas",
      "abbreviation": "GC",
      "country": "ES"
    },
    {
      "name": "Madrid",
      "abbreviation": "M",
      "country": "ES"
    },
    {
      "name": "Badajoz",
      "abbreviation": "BA",
      "country": "ES"
    },
    {
      "name": "Cáceres",
      "abbreviation": "CC",
      "country": "ES"
    },
    {
      "name": "Toledo",
      "abbreviation": "TO",
      "country": "ES"
    },
    {
      "name": "Ciudad Real",
      "abbreviation": "CR",
      "country": "ES"
    },
    {
      "name": "Salamanca",
      "abbreviation": "SA",
      "country": "ES"
    },
    {
      "name": "Córdoba",
      "abbreviation": "CO",
      "country": "ES"
    },
    {
      "name": "Jaén",
      "abbreviation": "J",
      "country": "ES"
    },
    {
      "name": "Ávila",
      "abbreviation": "AV",
      "country": "ES"
    },
    {
      "name": "Valladolid",
      "abbreviation": "VA",
      "country": "ES"
    },
    {
      "name": "Zamora",
      "abbreviation": "ZA",
      "country": "ES"
    },
    {
      "name": "Álava",
      "abbreviation": "VI",
      "country": "ES"
    },
    {
      "name": "Segovia",
      "abbreviation": "SG",
      "country": "ES"
    },
    {
      "name": "Burgos",
      "abbreviation": "BU",
      "country": "ES"
    },
    {
      "name": "Pontevedra",
      "abbreviation": "PO",
      "country": "ES"
    },
    {
      "name": "León",
      "abbreviation": "LE",
      "country": "ES"
    },
    {
      "name": "Orense",
      "abbreviation": "OU",
      "country": "ES"
    },
    {
      "name": "Palencia",
      "abbreviation": "P",
      "country": "ES"
    },
    {
      "name": "La Rioja",
      "abbreviation": "LO",
      "country": "ES"
    },
    {
      "name": "Soria",
      "abbreviation": "SO",
      "country": "ES"
    },
    {
      "name": "Guadalajara",
      "abbreviation": "GU",
      "country": "ES"
    }
  ]
}
